{"cameraMode":{"drawMode":0,"name":"Shaded","section":"Shading Mode"},"sceneLighting":false,"audioPlay":false,"sceneViewState":{"showFog":true,"showMaterialUpdate":false,"showSkybox":false,"showFlares":true,"showImageEffects":true,"showParticleSystems":true},"in2DMode":false,"pivot":{"x":48.08304977416992,"y":31.678104400634767,"z":-2.913905620574951},"rotation":{"x":0.3067072331905365,"y":0.6679534316062927,"z":-0.5780856013298035,"w":0.3543921113014221},"size":5.264102458953857,"orthographic":false}