{"cameraMode":{"drawMode":0,"name":"Shaded","section":"Shading Mode"},"sceneLighting":false,"audioPlay":false,"sceneViewState":{"showFog":true,"showMaterialUpdate":false,"showSkybox":false,"showFlares":true,"showImageEffects":true,"showParticleSystems":true},"in2DMode":false,"pivot":{"x":0.28999996185302737,"y":9.34000015258789,"z":-17.979999542236329},"rotation":{"x":0.2541661858558655,"y":0.6196044087409973,"z":-0.22224877774715424,"w":0.708591639995575},"size":1.7320507764816285,"orthographic":false}