{"cameraMode":{"drawMode":0,"name":"Shaded","section":"Shading Mode"},"sceneLighting":true,"audioPlay":false,"sceneViewState":{"showFog":true,"showMaterialUpdate":false,"showSkybox":true,"showFlares":true,"showImageEffects":true,"showParticleSystems":true},"in2DMode":false,"pivot":{"x":3.9157257080078127,"y":-77.8660888671875,"z":430.2967529296875},"rotation":{"x":0.1086743101477623,"y":-0.013421057723462582,"z":0.0014613587409257889,"w":0.9939929246902466},"size":342.93316650390627,"orthographic":false}