{"cameraMode":{"drawMode":0,"name":"Shaded","section":"Shading Mode"},"sceneLighting":false,"audioPlay":false,"sceneViewState":{"showFog":true,"showMaterialUpdate":false,"showSkybox":false,"showFlares":true,"showImageEffects":true,"showParticleSystems":true},"in2DMode":false,"pivot":{"x":6.907456398010254,"y":12.501691818237305,"z":-26.117950439453126},"rotation":{"x":0.16169634461402894,"y":-0.6295831799507141,"z":0.1361667364835739,"w":0.7476221919059753},"size":0.890701949596405,"orthographic":false}